Session ID,u1759173680147
Completed At,2025-09-29 19:33:26.065Z
Created At,2025-09-29 19:21:20.147Z

User Data
(no demographics found),

Comprehension Check
Passed,TRUE

Level: comprehension_check
Timestamp,Type,Player Action,Player X,Player Y,NPC X,NPC Y,Steps Remaining,NPC Path Type,NPC Current Path Index,Interaction Type,Interaction Details
2025-09-29 19:22:59.497Z,INTERACTION,,,,,,,,,comprehension_check,passed

Level: mod_s111
Timestamp,Type,Player Action,Player X,Player Y,NPC X,NPC Y,Steps Remaining,NPC Path Type,NPC Current Path Index,Interaction Type,Interaction Details
2025-09-29 19:23:24.403Z,AGENT_OBSERVE,,5.0,7.0,5.0,5.0,,experienced1,,,
2025-09-29 19:23:26.814Z,AGENT_OBSERVE,,5.0,7.0,6.0,5.0,,experienced1,,,
2025-09-29 19:23:30.996Z,GAME_ACTION,up,5.0,7.0,6.0,5.0,,experienced1,,,
2025-09-29 19:23:31.924Z,GAME_ACTION,up,5.0,6.0,6.0,5.0,,experienced1,,,
2025-09-29 19:23:33.106Z,GAME_ACTION,right,5.0,5.0,6.0,5.0,,experienced1,,,
2025-09-29 19:23:33.695Z,GAME_ACTION,right,6.0,5.0,6.0,5.0,,experienced1,,,
2025-09-29 19:23:34.216Z,GAME_ACTION,right,7.0,5.0,6.0,5.0,,experienced1,,,
2025-09-29 19:23:35.112Z,GAME_ACTION,right,8.0,5.0,6.0,5.0,,experienced1,,,
2025-09-29 19:23:35.114Z,INTERACTION,,8.0,5.0,6.0,5.0,,experienced1,,wizard_interaction,blueAmulet
2025-09-29 19:23:37.874Z,GAME_ACTION,left,8.0,5.0,6.0,5.0,,experienced1,,,
2025-09-29 19:23:38.315Z,GAME_ACTION,left,7.0,5.0,6.0,5.0,,experienced1,,,
2025-09-29 19:23:38.962Z,GAME_ACTION,left,6.0,5.0,6.0,5.0,,experienced1,,,
2025-09-29 19:23:40.072Z,GAME_ACTION,down,5.0,5.0,6.0,5.0,,experienced1,,,
2025-09-29 19:23:40.499Z,GAME_ACTION,down,5.0,6.0,6.0,5.0,,experienced1,,,
2025-09-29 19:23:41.040Z,GAME_ACTION,down,5.0,7.0,6.0,5.0,,experienced1,,,
2025-09-29 19:23:42.022Z,GAME_ACTION,down,5.0,8.0,6.0,5.0,,experienced1,,,
2025-09-29 19:23:43.366Z,GAME_ACTION,right,5.0,9.0,6.0,5.0,,experienced1,,,
2025-09-29 19:23:43.811Z,GAME_ACTION,right,6.0,9.0,6.0,5.0,,experienced1,,,
2025-09-29 19:23:44.278Z,GAME_ACTION,right,7.0,9.0,6.0,5.0,,experienced1,,,
2025-09-29 19:23:45.288Z,GAME_ACTION,right,8.0,9.0,6.0,5.0,,experienced1,,,
2025-09-29 19:23:45.290Z,INTERACTION,,8.0,9.0,6.0,5.0,,experienced1,,treasure_interaction,A
2025-09-29 19:23:45.290Z,LEVEL_COMPLETE,,8.0,9.0,6.0,5.0,,experienced1,,,
2025-09-29 19:23:48.292Z,LEVEL_COMPLETE,,8.0,9.0,6.0,5.0,24.0,experienced1,,,

Level: mod_s112
Timestamp,Type,Player Action,Player X,Player Y,NPC X,NPC Y,Steps Remaining,NPC Path Type,NPC Current Path Index,Interaction Type,Interaction Details
2025-09-29 19:23:48.448Z,LEVEL_START,,,,,,,,,,
2025-09-29 19:23:48.448Z,LEVEL_START,,,,,,,,,,
2025-09-29 19:24:11.257Z,AGENT_OBSERVE,,5.0,7.0,5.0,5.0,,experienced1,,,
2025-09-29 19:24:11.972Z,AGENT_OBSERVE,,5.0,7.0,5.0,6.0,,experienced1,,,
2025-09-29 19:24:14.284Z,GAME_ACTION,down,5.0,7.0,5.0,6.0,,experienced1,,,
2025-09-29 19:24:14.703Z,GAME_ACTION,down,5.0,8.0,5.0,6.0,,experienced1,,,
2025-09-29 19:24:15.160Z,GAME_ACTION,down,5.0,9.0,5.0,6.0,,experienced1,,,
2025-09-29 19:24:15.783Z,GAME_ACTION,down,5.0,10.0,5.0,6.0,,experienced1,,,
2025-09-29 19:24:15.783Z,INTERACTION,,5.0,10.0,5.0,6.0,,experienced1,,wizard_interaction,blueAmulet
2025-09-29 19:24:18.052Z,GAME_ACTION,up,5.0,10.0,5.0,6.0,,experienced1,,,
2025-09-29 19:24:20.054Z,GAME_ACTION,left,5.0,9.0,5.0,6.0,,experienced1,,,
2025-09-29 19:24:20.472Z,GAME_ACTION,left,4.0,9.0,5.0,6.0,,experienced1,,,
2025-09-29 19:24:20.933Z,GAME_ACTION,left,3.0,9.0,5.0,6.0,,experienced1,,,
2025-09-29 19:24:21.448Z,GAME_ACTION,left,2.0,9.0,5.0,6.0,,experienced1,,,
2025-09-29 19:24:22.868Z,GAME_ACTION,down,1.0,9.0,5.0,6.0,,experienced1,,,
2025-09-29 19:24:24.040Z,GAME_ACTION,down,1.0,10.0,5.0,6.0,,experienced1,,,
2025-09-29 19:24:24.041Z,INTERACTION,,1.0,10.0,5.0,6.0,,experienced1,,wizard_interaction,redAmulet
2025-09-29 19:24:26.079Z,GAME_ACTION,up,1.0,10.0,5.0,6.0,,experienced1,,,
2025-09-29 19:24:27.330Z,GAME_ACTION,right,1.0,9.0,5.0,6.0,,experienced1,,,
2025-09-29 19:24:27.700Z,GAME_ACTION,right,2.0,9.0,5.0,6.0,,experienced1,,,
2025-09-29 19:24:28.101Z,GAME_ACTION,right,3.0,9.0,5.0,6.0,,experienced1,,,
2025-09-29 19:24:28.520Z,GAME_ACTION,right,4.0,9.0,5.0,6.0,,experienced1,,,
2025-09-29 19:24:28.967Z,GAME_ACTION,right,5.0,9.0,5.0,6.0,,experienced1,,,
2025-09-29 19:24:29.437Z,GAME_ACTION,right,6.0,9.0,5.0,6.0,,experienced1,,,
2025-09-29 19:24:29.954Z,GAME_ACTION,right,7.0,9.0,5.0,6.0,,experienced1,,,
2025-09-29 19:24:30.418Z,GAME_ACTION,right,8.0,9.0,5.0,6.0,,experienced1,,,
2025-09-29 19:24:30.419Z,INTERACTION,,8.0,9.0,5.0,6.0,,experienced1,,treasure_interaction,A
2025-09-29 19:24:30.419Z,LEVEL_COMPLETE,,8.0,9.0,5.0,6.0,,experienced1,,,
2025-09-29 19:24:33.420Z,LEVEL_COMPLETE,,8.0,9.0,5.0,6.0,44.0,experienced1,,,

Level: mod_s221
Timestamp,Type,Player Action,Player X,Player Y,NPC X,NPC Y,Steps Remaining,NPC Path Type,NPC Current Path Index,Interaction Type,Interaction Details
2025-09-29 19:24:33.570Z,LEVEL_START,,,,,,,,,,
2025-09-29 19:24:33.582Z,LEVEL_START,,,,,,,,,,
2025-09-29 19:24:59.736Z,AGENT_OBSERVE,,0.0,9.0,4.0,8.0,,experienced1,,,
2025-09-29 19:25:03.220Z,GAME_ACTION,right,0.0,9.0,4.0,8.0,,experienced1,,,
2025-09-29 19:25:03.722Z,GAME_ACTION,right,1.0,9.0,4.0,8.0,,experienced1,,,
2025-09-29 19:25:04.230Z,GAME_ACTION,right,2.0,9.0,4.0,8.0,,experienced1,,,
2025-09-29 19:25:04.772Z,GAME_ACTION,right,3.0,9.0,4.0,8.0,,experienced1,,,
2025-09-29 19:25:05.950Z,GAME_ACTION,up,4.0,9.0,4.0,8.0,,experienced1,,,
2025-09-29 19:25:06.194Z,GAME_ACTION,up,4.0,8.0,4.0,8.0,,experienced1,,,
2025-09-29 19:25:06.436Z,GAME_ACTION,up,4.0,7.0,4.0,8.0,,experienced1,,,
2025-09-29 19:25:06.658Z,GAME_ACTION,up,4.0,6.0,4.0,8.0,,experienced1,,,
2025-09-29 19:25:07.124Z,GAME_ACTION,up,4.0,5.0,4.0,8.0,,experienced1,,,
2025-09-29 19:25:07.602Z,GAME_ACTION,up,4.0,4.0,4.0,8.0,,experienced1,,,
2025-09-29 19:25:08.652Z,GAME_ACTION,left,4.0,3.0,4.0,8.0,,experienced1,,,
2025-09-29 19:25:09.004Z,GAME_ACTION,left,3.0,3.0,4.0,8.0,,experienced1,,,
2025-09-29 19:25:09.456Z,GAME_ACTION,left,2.0,3.0,4.0,8.0,,experienced1,,,
2025-09-29 19:25:10.242Z,GAME_ACTION,left,1.0,3.0,4.0,8.0,,experienced1,,,
2025-09-29 19:25:11.012Z,GAME_ACTION,up,0.0,3.0,4.0,8.0,,experienced1,,,
2025-09-29 19:25:11.270Z,GAME_ACTION,up,0.0,2.0,4.0,8.0,,experienced1,,,
2025-09-29 19:25:11.521Z,INTERACTION,,0.0,2.0,4.0,8.0,,experienced1,,wizard_interaction,blueAmulet
2025-09-29 19:25:11.521Z,GAME_ACTION,up,0.0,1.0,4.0,8.0,,experienced1,,,
2025-09-29 19:25:13.264Z,GAME_ACTION,down,0.0,1.0,4.0,8.0,,experienced1,,,
2025-09-29 19:25:13.748Z,GAME_ACTION,down,0.0,2.0,4.0,8.0,,experienced1,,,
2025-09-29 19:25:15.007Z,GAME_ACTION,right,0.0,3.0,4.0,8.0,,experienced1,,,
2025-09-29 19:25:15.400Z,GAME_ACTION,right,1.0,3.0,4.0,8.0,,experienced1,,,
2025-09-29 19:25:15.814Z,GAME_ACTION,right,2.0,3.0,4.0,8.0,,experienced1,,,
2025-09-29 19:25:16.350Z,GAME_ACTION,right,3.0,3.0,4.0,8.0,,experienced1,,,
2025-09-29 19:25:17.252Z,GAME_ACTION,down,4.0,3.0,4.0,8.0,,experienced1,,,
2025-09-29 19:25:17.650Z,GAME_ACTION,down,4.0,4.0,4.0,8.0,,experienced1,,,
2025-09-29 19:25:17.918Z,GAME_ACTION,down,4.0,5.0,4.0,8.0,,experienced1,,,
2025-09-29 19:25:18.352Z,GAME_ACTION,down,4.0,6.0,4.0,8.0,,experienced1,,,
2025-09-29 19:25:18.772Z,GAME_ACTION,down,4.0,7.0,4.0,8.0,,experienced1,,,
2025-09-29 19:25:19.324Z,GAME_ACTION,down,4.0,8.0,4.0,8.0,,experienced1,,,
2025-09-29 19:25:20.680Z,GAME_ACTION,left,4.0,9.0,4.0,8.0,,experienced1,,,
2025-09-29 19:25:21.072Z,GAME_ACTION,left,3.0,9.0,4.0,8.0,,experienced1,,,
2025-09-29 19:25:21.514Z,GAME_ACTION,left,2.0,9.0,4.0,8.0,,experienced1,,,
2025-09-29 19:25:21.998Z,GAME_ACTION,left,1.0,9.0,4.0,8.0,,experienced1,,,
2025-09-29 19:25:23.016Z,GAME_ACTION,down,0.0,9.0,4.0,8.0,,experienced1,,,
2025-09-29 19:25:23.544Z,INTERACTION,,0.0,9.0,4.0,8.0,,experienced1,,treasure_interaction,A
2025-09-29 19:25:23.544Z,LEVEL_COMPLETE,,0.0,9.0,4.0,8.0,,experienced1,,,
2025-09-29 19:25:23.544Z,GAME_ACTION,down,0.0,10.0,4.0,8.0,,experienced1,,,
2025-09-29 19:25:26.545Z,LEVEL_COMPLETE,,0.0,10.0,4.0,8.0,21.0,experienced1,,,

Level: mod_s311
Timestamp,Type,Player Action,Player X,Player Y,NPC X,NPC Y,Steps Remaining,NPC Path Type,NPC Current Path Index,Interaction Type,Interaction Details
2025-09-29 19:27:14.428Z,LEVEL_START,,,,,,,,,,
2025-09-29 19:27:14.452Z,LEVEL_START,,,,,,,,,,
2025-09-29 19:27:37.514Z,AGENT_OBSERVE,,2.0,7.0,2.0,4.0,,experienced1,,,
2025-09-29 19:27:38.294Z,AGENT_OBSERVE,,2.0,7.0,2.0,3.0,,experienced1,,,
2025-09-29 19:27:38.878Z,AGENT_OBSERVE,,2.0,7.0,3.0,3.0,,experienced1,,,
2025-09-29 19:27:40.010Z,AGENT_OBSERVE,,2.0,7.0,4.0,3.0,,experienced1,,,
2025-09-29 19:27:42.044Z,GAME_ACTION,up,2.0,7.0,4.0,3.0,,experienced1,,,
2025-09-29 19:27:42.303Z,GAME_ACTION,up,2.0,6.0,4.0,3.0,,experienced1,,,
2025-09-29 19:27:42.543Z,GAME_ACTION,up,2.0,5.0,4.0,3.0,,experienced1,,,
2025-09-29 19:27:42.796Z,GAME_ACTION,up,2.0,4.0,4.0,3.0,,experienced1,,,
2025-09-29 19:27:44.532Z,GAME_ACTION,right,3.0,3.0,4.0,3.0,,experienced1,,,
2025-09-29 19:27:44.734Z,GAME_ACTION,right,4.0,3.0,4.0,3.0,,experienced1,,,
2025-09-29 19:27:44.903Z,GAME_ACTION,right,5.0,3.0,4.0,3.0,,experienced1,,,
2025-09-29 19:27:45.363Z,GAME_ACTION,right,6.0,3.0,4.0,3.0,,experienced1,,,
2025-09-29 19:27:45.552Z,GAME_ACTION,right,7.0,3.0,4.0,3.0,,experienced1,,,
2025-09-29 19:27:45.743Z,GAME_ACTION,right,8.0,3.0,4.0,3.0,,experienced1,,,
2025-09-29 19:27:46.314Z,GAME_ACTION,right,9.0,3.0,4.0,3.0,,experienced1,,,
2025-09-29 19:27:47.348Z,GAME_ACTION,up,10.0,3.0,4.0,3.0,,experienced1,,,
2025-09-29 19:27:47.512Z,GAME_ACTION,up,10.0,2.0,4.0,3.0,,experienced1,,,
2025-09-29 19:27:47.996Z,GAME_ACTION,up,10.0,1.0,4.0,3.0,,experienced1,,,
2025-09-29 19:27:47.997Z,INTERACTION,,10.0,1.0,4.0,3.0,,experienced1,,wizard_interaction,blueAmulet
2025-09-29 19:27:49.954Z,GAME_ACTION,down,10.0,1.0,4.0,3.0,,experienced1,,,
2025-09-29 19:27:50.777Z,GAME_ACTION,down,10.0,2.0,4.0,3.0,,experienced1,,,
2025-09-29 19:27:55.660Z,GAME_ACTION,left,10.0,3.0,4.0,3.0,,experienced1,,,
2025-09-29 19:27:55.916Z,GAME_ACTION,left,9.0,3.0,4.0,3.0,,experienced1,,,
2025-09-29 19:27:56.142Z,GAME_ACTION,left,8.0,3.0,4.0,3.0,,experienced1,,,
2025-09-29 19:27:56.363Z,GAME_ACTION,left,7.0,3.0,4.0,3.0,,experienced1,,,
2025-09-29 19:27:56.599Z,GAME_ACTION,left,6.0,3.0,4.0,3.0,,experienced1,,,
2025-09-29 19:27:56.842Z,GAME_ACTION,left,5.0,3.0,4.0,3.0,,experienced1,,,
2025-09-29 19:27:57.114Z,GAME_ACTION,left,4.0,3.0,4.0,3.0,,experienced1,,,
2025-09-29 19:27:57.658Z,GAME_ACTION,left,3.0,3.0,4.0,3.0,,experienced1,,,
2025-09-29 19:27:58.836Z,GAME_ACTION,down,2.0,3.0,4.0,3.0,,experienced1,,,
2025-09-29 19:27:59.132Z,GAME_ACTION,down,2.0,4.0,4.0,3.0,,experienced1,,,
2025-09-29 19:27:59.397Z,GAME_ACTION,down,2.0,5.0,4.0,3.0,,experienced1,,,
2025-09-29 19:27:59.703Z,GAME_ACTION,down,2.0,6.0,4.0,3.0,,experienced1,,,
2025-09-29 19:28:00.044Z,GAME_ACTION,down,2.0,7.0,4.0,3.0,,experienced1,,,
2025-09-29 19:28:00.426Z,GAME_ACTION,down,2.0,8.0,4.0,3.0,,experienced1,,,
2025-09-29 19:28:01.665Z,GAME_ACTION,right,2.0,9.0,4.0,3.0,,experienced1,,,
2025-09-29 19:28:02.088Z,GAME_ACTION,right,3.0,9.0,4.0,3.0,,experienced1,,,
2025-09-29 19:28:02.922Z,GAME_ACTION,down,4.0,9.0,4.0,3.0,,experienced1,,,
2025-09-29 19:28:03.362Z,GAME_ACTION,down,4.0,10.0,4.0,3.0,,experienced1,,,
2025-09-29 19:28:03.363Z,INTERACTION,,4.0,10.0,4.0,3.0,,experienced1,,treasure_interaction,A
2025-09-29 19:28:03.363Z,LEVEL_COMPLETE,,4.0,10.0,4.0,3.0,,experienced1,,,
2025-09-29 19:28:06.365Z,LEVEL_COMPLETE,,4.0,10.0,4.0,3.0,18.0,experienced1,,,

Level: mod_s341
Timestamp,Type,Player Action,Player X,Player Y,NPC X,NPC Y,Steps Remaining,NPC Path Type,NPC Current Path Index,Interaction Type,Interaction Details
2025-09-29 19:29:37.773Z,LEVEL_START,,,,,,,,,,
2025-09-29 19:29:37.778Z,LEVEL_START,,,,,,,,,,
2025-09-29 19:30:00.744Z,AGENT_OBSERVE,,10.0,8.0,5.0,3.0,,experienced1,,,
2025-09-29 19:30:01.410Z,AGENT_OBSERVE,,10.0,8.0,4.0,3.0,,experienced1,,,
2025-09-29 19:30:01.832Z,AGENT_OBSERVE,,10.0,8.0,3.0,3.0,,experienced1,,,
2025-09-29 19:30:02.021Z,AGENT_OBSERVE,,10.0,8.0,2.0,3.0,,experienced1,,,
2025-09-29 19:30:02.201Z,AGENT_OBSERVE,,10.0,8.0,1.0,3.0,,experienced1,,,
2025-09-29 19:30:02.750Z,AGENT_OBSERVE,,10.0,8.0,0.0,3.0,,experienced1,,,
2025-09-29 19:30:03.438Z,AGENT_OBSERVE,,10.0,8.0,0.0,4.0,,experienced1,,,
2025-09-29 19:30:05.842Z,GAME_ACTION,left,10.0,8.0,0.0,4.0,,experienced1,,,
2025-09-29 19:30:06.182Z,GAME_ACTION,left,9.0,8.0,0.0,4.0,,experienced1,,,
2025-09-29 19:30:06.364Z,GAME_ACTION,left,8.0,8.0,0.0,4.0,,experienced1,,,
2025-09-29 19:30:06.547Z,GAME_ACTION,left,7.0,8.0,0.0,4.0,,experienced1,,,
2025-09-29 19:30:06.739Z,GAME_ACTION,left,6.0,8.0,0.0,4.0,,experienced1,,,
2025-09-29 19:30:06.906Z,GAME_ACTION,left,5.0,8.0,0.0,4.0,,experienced1,,,
2025-09-29 19:30:07.494Z,GAME_ACTION,left,4.0,8.0,0.0,4.0,,experienced1,,,
2025-09-29 19:30:08.451Z,GAME_ACTION,up,3.0,8.0,0.0,4.0,,experienced1,,,
2025-09-29 19:30:08.704Z,GAME_ACTION,up,3.0,7.0,0.0,4.0,,experienced1,,,
2025-09-29 19:30:09.026Z,GAME_ACTION,up,3.0,6.0,0.0,4.0,,experienced1,,,
2025-09-29 19:30:09.319Z,GAME_ACTION,up,3.0,5.0,0.0,4.0,,experienced1,,,
2025-09-29 19:30:09.670Z,GAME_ACTION,up,3.0,4.0,0.0,4.0,,experienced1,,,
2025-09-29 19:30:10.828Z,GAME_ACTION,left,3.0,3.0,0.0,4.0,,experienced1,,,
2025-09-29 19:30:11.019Z,GAME_ACTION,left,2.0,3.0,0.0,4.0,,experienced1,,,
2025-09-29 19:30:11.205Z,GAME_ACTION,left,1.0,3.0,0.0,4.0,,experienced1,,,
2025-09-29 19:30:12.575Z,GAME_ACTION,down,0.0,3.0,0.0,4.0,,experienced1,,,
2025-09-29 19:30:12.734Z,GAME_ACTION,down,0.0,4.0,0.0,4.0,,experienced1,,,
2025-09-29 19:30:12.734Z,INTERACTION,,0.0,4.0,0.0,4.0,,experienced1,,wizard_interaction,blueAmulet
2025-09-29 19:30:12.935Z,GAME_ACTION,down,0.0,4.0,0.0,4.0,,experienced1,,,
2025-09-29 19:30:14.860Z,GAME_ACTION,up,0.0,4.0,0.0,4.0,,experienced1,,,
2025-09-29 19:30:17.094Z,GAME_ACTION,right,0.0,3.0,0.0,4.0,,experienced1,,,
2025-09-29 19:30:17.580Z,GAME_ACTION,right,1.0,3.0,0.0,4.0,,experienced1,,,
2025-09-29 19:30:18.674Z,GAME_ACTION,right,2.0,3.0,0.0,4.0,,experienced1,,,
2025-09-29 19:30:20.111Z,GAME_ACTION,down,3.0,3.0,0.0,4.0,,experienced1,,,
2025-09-29 19:30:20.334Z,GAME_ACTION,down,3.0,4.0,0.0,4.0,,experienced1,,,
2025-09-29 19:30:20.553Z,GAME_ACTION,down,3.0,5.0,0.0,4.0,,experienced1,,,
2025-09-29 19:30:20.932Z,GAME_ACTION,down,3.0,6.0,0.0,4.0,,experienced1,,,
2025-09-29 19:30:21.410Z,GAME_ACTION,down,3.0,7.0,0.0,4.0,,experienced1,,,
2025-09-29 19:30:22.205Z,GAME_ACTION,right,3.0,8.0,0.0,4.0,,experienced1,,,
2025-09-29 19:30:22.712Z,GAME_ACTION,right,4.0,8.0,0.0,4.0,,experienced1,,,
2025-09-29 19:30:23.659Z,GAME_ACTION,down,5.0,8.0,0.0,4.0,,experienced1,,,
2025-09-29 19:30:24.154Z,GAME_ACTION,down,5.0,9.0,0.0,4.0,,experienced1,,,
2025-09-29 19:30:24.766Z,GAME_ACTION,down,5.0,10.0,0.0,4.0,,experienced1,,,
2025-09-29 19:30:24.766Z,INTERACTION,,5.0,10.0,0.0,4.0,,experienced1,,treasure_interaction,A
2025-09-29 19:30:24.766Z,LEVEL_COMPLETE,,5.0,10.0,0.0,4.0,,experienced1,,,
2025-09-29 19:30:27.767Z,LEVEL_COMPLETE,,5.0,10.0,0.0,4.0,-3.0,experienced1,,,

Level: mod_s352
Timestamp,Type,Player Action,Player X,Player Y,NPC X,NPC Y,Steps Remaining,NPC Path Type,NPC Current Path Index,Interaction Type,Interaction Details
2025-09-29 19:25:26.684Z,LEVEL_START,,,,,,,,,,
2025-09-29 19:25:26.700Z,LEVEL_START,,,,,,,,,,
2025-09-29 19:25:50.858Z,GAME_ACTION,up,5.0,7.0,,,,,,,
2025-09-29 19:25:51.314Z,GAME_ACTION,up,5.0,6.0,,,,,,,
2025-09-29 19:25:52.076Z,GAME_ACTION,up,5.0,5.0,,,,,,,
2025-09-29 19:25:52.944Z,GAME_ACTION,up,5.0,4.0,,,,,,,
2025-09-29 19:25:53.406Z,GAME_ACTION,up,5.0,3.0,,,,,,,
2025-09-29 19:25:54.068Z,GAME_ACTION,up,5.0,2.0,,,,,,,
2025-09-29 19:25:54.824Z,GAME_ACTION,up,5.0,1.0,,,,,,,
2025-09-29 19:25:54.825Z,INTERACTION,,5.0,1.0,,,,,,wizard_interaction,
2025-09-29 19:25:57.086Z,GAME_ACTION,down,5.0,1.0,,,,,,,
2025-09-29 19:25:58.836Z,AGENT_OBSERVE,,5.0,2.0,5.0,3.0,,experienced1,,,
2025-09-29 19:25:59.342Z,AGENT_OBSERVE,,5.0,2.0,5.0,2.0,,experienced1,,,
2025-09-29 19:25:59.904Z,AGENT_OBSERVE,,5.0,2.0,6.0,2.0,,experienced1,,,
2025-09-29 19:26:00.500Z,AGENT_OBSERVE,,5.0,2.0,7.0,2.0,,experienced1,,,
2025-09-29 19:26:01.120Z,AGENT_OBSERVE,,5.0,2.0,8.0,2.0,,experienced1,,,
2025-09-29 19:26:03.752Z,GAME_ACTION,right,5.0,2.0,8.0,2.0,,experienced1,,,
2025-09-29 19:26:04.156Z,GAME_ACTION,right,6.0,2.0,8.0,2.0,,experienced1,,,
2025-09-29 19:26:04.467Z,GAME_ACTION,right,7.0,2.0,8.0,2.0,,experienced1,,,
2025-09-29 19:26:04.810Z,GAME_ACTION,right,8.0,2.0,8.0,2.0,,experienced1,,,
2025-09-29 19:26:05.236Z,GAME_ACTION,right,9.0,2.0,8.0,2.0,,experienced1,,,
2025-09-29 19:26:06.585Z,GAME_ACTION,up,10.0,2.0,8.0,2.0,,experienced1,,,
2025-09-29 19:26:08.034Z,GAME_ACTION,up,10.0,1.0,8.0,2.0,,experienced1,,,
2025-09-29 19:26:08.035Z,INTERACTION,,10.0,1.0,8.0,2.0,,experienced1,,wizard_interaction,blueAmulet
2025-09-29 19:26:09.860Z,GAME_ACTION,down,10.0,1.0,8.0,2.0,,experienced1,,,
2025-09-29 19:26:11.372Z,GAME_ACTION,left,10.0,2.0,8.0,2.0,,experienced1,,,
2025-09-29 19:26:11.608Z,GAME_ACTION,left,9.0,2.0,8.0,2.0,,experienced1,,,
2025-09-29 19:26:11.838Z,GAME_ACTION,left,8.0,2.0,8.0,2.0,,experienced1,,,
2025-09-29 19:26:12.182Z,GAME_ACTION,left,7.0,2.0,8.0,2.0,,experienced1,,,
2025-09-29 19:26:12.452Z,GAME_ACTION,left,6.0,2.0,8.0,2.0,,experienced1,,,
2025-09-29 19:26:13.734Z,GAME_ACTION,down,5.0,2.0,8.0,2.0,,experienced1,,,
2025-09-29 19:26:13.976Z,GAME_ACTION,down,5.0,3.0,8.0,2.0,,experienced1,,,
2025-09-29 19:26:14.376Z,GAME_ACTION,down,5.0,4.0,8.0,2.0,,experienced1,,,
2025-09-29 19:26:14.790Z,GAME_ACTION,down,5.0,5.0,8.0,2.0,,experienced1,,,
2025-09-29 19:26:15.344Z,GAME_ACTION,down,5.0,6.0,8.0,2.0,,experienced1,,,
2025-09-29 19:26:16.416Z,GAME_ACTION,left,5.0,7.0,8.0,2.0,,experienced1,,,
2025-09-29 19:26:16.676Z,GAME_ACTION,left,4.0,7.0,8.0,2.0,,experienced1,,,
2025-09-29 19:26:17.104Z,GAME_ACTION,left,3.0,7.0,8.0,2.0,,experienced1,,,
2025-09-29 19:26:17.556Z,GAME_ACTION,left,2.0,7.0,8.0,2.0,,experienced1,,,
2025-09-29 19:26:18.033Z,GAME_ACTION,left,1.0,7.0,8.0,2.0,,experienced1,,,
2025-09-29 19:26:18.033Z,INTERACTION,,1.0,7.0,8.0,2.0,,experienced1,,treasure_interaction,A
2025-09-29 19:26:18.033Z,LEVEL_COMPLETE,,1.0,7.0,8.0,2.0,,experienced1,,,
2025-09-29 19:26:21.034Z,LEVEL_COMPLETE,,1.0,7.0,8.0,2.0,7.0,experienced1,,,

Level: mod_s411
Timestamp,Type,Player Action,Player X,Player Y,NPC X,NPC Y,Steps Remaining,NPC Path Type,NPC Current Path Index,Interaction Type,Interaction Details
2025-09-29 19:32:25.479Z,LEVEL_START,,,,,,,,,,
2025-09-29 19:32:25.490Z,LEVEL_START,,,,,,,,,,
2025-09-29 19:32:48.245Z,AGENT_OBSERVE,,2.0,7.0,2.0,4.0,,experienced1,,,
2025-09-29 19:32:48.977Z,AGENT_OBSERVE,,2.0,7.0,2.0,3.0,,experienced1,,,
2025-09-29 19:32:49.480Z,AGENT_OBSERVE,,2.0,7.0,3.0,3.0,,experienced1,,,
2025-09-29 19:32:50.016Z,AGENT_OBSERVE,,2.0,7.0,4.0,3.0,,experienced1,,,
2025-09-29 19:32:50.450Z,AGENT_OBSERVE,,2.0,7.0,5.0,3.0,,experienced1,,,
2025-09-29 19:32:50.908Z,AGENT_OBSERVE,,2.0,7.0,6.0,3.0,,experienced1,,,
2025-09-29 19:32:51.396Z,AGENT_OBSERVE,,2.0,7.0,7.0,3.0,,experienced1,,,
2025-09-29 19:32:51.940Z,AGENT_OBSERVE,,2.0,7.0,8.0,3.0,,experienced1,,,
2025-09-29 19:32:54.714Z,GAME_ACTION,up,2.0,7.0,8.0,3.0,,experienced1,,,
2025-09-29 19:32:55.172Z,GAME_ACTION,up,2.0,6.0,8.0,3.0,,experienced1,,,
2025-09-29 19:32:56.080Z,GAME_ACTION,left,2.0,5.0,8.0,3.0,,experienced1,,,
2025-09-29 19:32:56.497Z,INTERACTION,,2.0,5.0,8.0,3.0,,experienced1,,wizard_interaction,redAmulet
2025-09-29 19:32:56.497Z,GAME_ACTION,left,1.0,5.0,8.0,3.0,,experienced1,,,
2025-09-29 19:32:58.049Z,GAME_ACTION,right,1.0,5.0,8.0,3.0,,experienced1,,,
2025-09-29 19:32:59.096Z,GAME_ACTION,up,2.0,5.0,8.0,3.0,,experienced1,,,
2025-09-29 19:32:59.684Z,GAME_ACTION,up,2.0,4.0,8.0,3.0,,experienced1,,,
2025-09-29 19:33:00.510Z,GAME_ACTION,right,2.0,3.0,8.0,3.0,,experienced1,,,
2025-09-29 19:33:00.687Z,GAME_ACTION,right,3.0,3.0,8.0,3.0,,experienced1,,,
2025-09-29 19:33:00.873Z,GAME_ACTION,right,4.0,3.0,8.0,3.0,,experienced1,,,
2025-09-29 19:33:01.053Z,GAME_ACTION,right,5.0,3.0,8.0,3.0,,experienced1,,,
2025-09-29 19:33:01.241Z,GAME_ACTION,right,6.0,3.0,8.0,3.0,,experienced1,,,
2025-09-29 19:33:01.441Z,GAME_ACTION,right,7.0,3.0,8.0,3.0,,experienced1,,,
2025-09-29 19:33:01.630Z,GAME_ACTION,right,8.0,3.0,8.0,3.0,,experienced1,,,
2025-09-29 19:33:02.004Z,GAME_ACTION,right,9.0,3.0,8.0,3.0,,experienced1,,,
2025-09-29 19:33:02.870Z,GAME_ACTION,up,10.0,3.0,8.0,3.0,,experienced1,,,
2025-09-29 19:33:03.075Z,GAME_ACTION,up,10.0,2.0,8.0,3.0,,experienced1,,,
2025-09-29 19:33:03.634Z,GAME_ACTION,up,10.0,1.0,8.0,3.0,,experienced1,,,
2025-09-29 19:33:03.635Z,INTERACTION,,10.0,1.0,8.0,3.0,,experienced1,,wizard_interaction,blueAmulet
2025-09-29 19:33:04.760Z,GAME_ACTION,down,10.0,1.0,8.0,3.0,,experienced1,,,
2025-09-29 19:33:04.959Z,GAME_ACTION,down,10.0,2.0,8.0,3.0,,experienced1,,,
2025-09-29 19:33:07.639Z,GAME_ACTION,left,10.0,3.0,8.0,3.0,,experienced1,,,
2025-09-29 19:33:07.823Z,GAME_ACTION,left,9.0,3.0,8.0,3.0,,experienced1,,,
2025-09-29 19:33:08.021Z,GAME_ACTION,left,8.0,3.0,8.0,3.0,,experienced1,,,
2025-09-29 19:33:08.204Z,GAME_ACTION,left,7.0,3.0,8.0,3.0,,experienced1,,,
2025-09-29 19:33:08.400Z,GAME_ACTION,left,6.0,3.0,8.0,3.0,,experienced1,,,
2025-09-29 19:33:08.594Z,GAME_ACTION,left,5.0,3.0,8.0,3.0,,experienced1,,,
2025-09-29 19:33:08.795Z,GAME_ACTION,left,4.0,3.0,8.0,3.0,,experienced1,,,
2025-09-29 19:33:09.589Z,GAME_ACTION,left,3.0,3.0,8.0,3.0,,experienced1,,,
2025-09-29 19:33:10.592Z,GAME_ACTION,down,2.0,3.0,8.0,3.0,,experienced1,,,
2025-09-29 19:33:10.810Z,GAME_ACTION,down,2.0,4.0,8.0,3.0,,experienced1,,,
2025-09-29 19:33:11.025Z,GAME_ACTION,down,2.0,5.0,8.0,3.0,,experienced1,,,
2025-09-29 19:33:11.238Z,GAME_ACTION,down,2.0,6.0,8.0,3.0,,experienced1,,,
2025-09-29 19:33:11.444Z,GAME_ACTION,down,2.0,7.0,8.0,3.0,,experienced1,,,
2025-09-29 19:33:11.653Z,GAME_ACTION,down,2.0,8.0,8.0,3.0,,experienced1,,,
2025-09-29 19:33:12.542Z,GAME_ACTION,left,2.0,9.0,8.0,3.0,,experienced1,,,
2025-09-29 19:33:13.310Z,GAME_ACTION,right,1.0,9.0,8.0,3.0,,experienced1,,,
2025-09-29 19:33:13.710Z,GAME_ACTION,right,2.0,9.0,8.0,3.0,,experienced1,,,
2025-09-29 19:33:14.090Z,GAME_ACTION,right,3.0,9.0,8.0,3.0,,experienced1,,,
2025-09-29 19:33:15.139Z,GAME_ACTION,down,4.0,9.0,8.0,3.0,,experienced1,,,
2025-09-29 19:33:15.542Z,GAME_ACTION,down,4.0,10.0,8.0,3.0,,experienced1,,,
2025-09-29 19:33:15.542Z,INTERACTION,,4.0,10.0,8.0,3.0,,experienced1,,treasure_interaction,A
2025-09-29 19:33:15.542Z,LEVEL_COMPLETE,,4.0,10.0,8.0,3.0,,experienced1,,,
2025-09-29 19:33:18.543Z,LEVEL_COMPLETE,,4.0,10.0,8.0,3.0,18.0,experienced1,,,

Level: mod_s421
Timestamp,Type,Player Action,Player X,Player Y,NPC X,NPC Y,Steps Remaining,NPC Path Type,NPC Current Path Index,Interaction Type,Interaction Details
2025-09-29 19:30:27.908Z,LEVEL_START,,,,,,,,,,
2025-09-29 19:30:27.909Z,LEVEL_START,,,,,,,,,,
2025-09-29 19:30:51.790Z,AGENT_OBSERVE,,0.0,9.0,4.0,8.0,,experienced1,,,
2025-09-29 19:30:52.600Z,AGENT_OBSERVE,,0.0,9.0,4.0,7.0,,experienced1,,,
2025-09-29 19:30:53.140Z,AGENT_OBSERVE,,0.0,9.0,4.0,6.0,,experienced1,,,
2025-09-29 19:30:53.684Z,AGENT_OBSERVE,,0.0,9.0,4.0,5.0,,experienced1,,,
2025-09-29 19:30:55.244Z,AGENT_OBSERVE,,0.0,9.0,4.0,4.0,,experienced1,,,
2025-09-29 19:30:57.612Z,GAME_ACTION,right,0.0,9.0,4.0,4.0,,experienced1,,,
2025-09-29 19:30:58.045Z,GAME_ACTION,right,1.0,9.0,4.0,4.0,,experienced1,,,
2025-09-29 19:30:58.480Z,GAME_ACTION,right,2.0,9.0,4.0,4.0,,experienced1,,,
2025-09-29 19:30:59.508Z,GAME_ACTION,right,3.0,9.0,4.0,4.0,,experienced1,,,
2025-09-29 19:31:00.587Z,GAME_ACTION,up,4.0,9.0,4.0,4.0,,experienced1,,,
2025-09-29 19:31:00.956Z,GAME_ACTION,up,4.0,8.0,4.0,4.0,,experienced1,,,
2025-09-29 19:31:01.346Z,GAME_ACTION,up,4.0,7.0,4.0,4.0,,experienced1,,,
2025-09-29 19:31:01.712Z,GAME_ACTION,up,4.0,6.0,4.0,4.0,,experienced1,,,
2025-09-29 19:31:02.138Z,GAME_ACTION,up,4.0,5.0,4.0,4.0,,experienced1,,,
2025-09-29 19:31:02.648Z,GAME_ACTION,up,4.0,4.0,4.0,4.0,,experienced1,,,
2025-09-29 19:31:03.520Z,GAME_ACTION,left,4.0,3.0,4.0,4.0,,experienced1,,,
2025-09-29 19:31:03.902Z,GAME_ACTION,left,3.0,3.0,4.0,4.0,,experienced1,,,
2025-09-29 19:31:04.325Z,GAME_ACTION,left,2.0,3.0,4.0,4.0,,experienced1,,,
2025-09-29 19:31:04.810Z,GAME_ACTION,left,1.0,3.0,4.0,4.0,,experienced1,,,
2025-09-29 19:31:05.573Z,GAME_ACTION,up,0.0,3.0,4.0,4.0,,experienced1,,,
2025-09-29 19:31:05.885Z,GAME_ACTION,up,0.0,2.0,4.0,4.0,,experienced1,,,
2025-09-29 19:31:06.496Z,GAME_ACTION,up,0.0,1.0,4.0,4.0,,experienced1,,,
2025-09-29 19:31:06.496Z,INTERACTION,,0.0,1.0,4.0,4.0,,experienced1,,wizard_interaction,blueAmulet
2025-09-29 19:31:08.341Z,GAME_ACTION,down,0.0,1.0,4.0,4.0,,experienced1,,,
2025-09-29 19:31:08.760Z,GAME_ACTION,down,0.0,2.0,4.0,4.0,,experienced1,,,
2025-09-29 19:31:10.046Z,GAME_ACTION,right,0.0,3.0,4.0,4.0,,experienced1,,,
2025-09-29 19:31:10.516Z,GAME_ACTION,right,1.0,3.0,4.0,4.0,,experienced1,,,
2025-09-29 19:31:11.034Z,GAME_ACTION,right,2.0,3.0,4.0,4.0,,experienced1,,,
2025-09-29 19:31:11.466Z,GAME_ACTION,right,3.0,3.0,4.0,4.0,,experienced1,,,
2025-09-29 19:31:12.211Z,GAME_ACTION,down,4.0,3.0,4.0,4.0,,experienced1,,,
2025-09-29 19:31:12.634Z,GAME_ACTION,down,4.0,4.0,4.0,4.0,,experienced1,,,
2025-09-29 19:31:13.020Z,GAME_ACTION,down,4.0,5.0,4.0,4.0,,experienced1,,,
2025-09-29 19:31:13.382Z,GAME_ACTION,down,4.0,6.0,4.0,4.0,,experienced1,,,
2025-09-29 19:31:13.800Z,GAME_ACTION,down,4.0,7.0,4.0,4.0,,experienced1,,,
2025-09-29 19:31:14.256Z,GAME_ACTION,down,4.0,8.0,4.0,4.0,,experienced1,,,
2025-09-29 19:31:15.462Z,GAME_ACTION,left,4.0,9.0,4.0,4.0,,experienced1,,,
2025-09-29 19:31:15.825Z,GAME_ACTION,left,3.0,9.0,4.0,4.0,,experienced1,,,
2025-09-29 19:31:16.239Z,GAME_ACTION,left,2.0,9.0,4.0,4.0,,experienced1,,,
2025-09-29 19:31:16.730Z,GAME_ACTION,left,1.0,9.0,4.0,4.0,,experienced1,,,
2025-09-29 19:31:17.714Z,GAME_ACTION,down,0.0,9.0,4.0,4.0,,experienced1,,,
2025-09-29 19:31:18.079Z,GAME_ACTION,down,0.0,10.0,4.0,4.0,,experienced1,,,
2025-09-29 19:31:18.079Z,INTERACTION,,0.0,10.0,4.0,4.0,,experienced1,,treasure_interaction,A
2025-09-29 19:31:18.079Z,LEVEL_COMPLETE,,0.0,10.0,4.0,4.0,,experienced1,,,
2025-09-29 19:31:21.080Z,LEVEL_COMPLETE,,0.0,10.0,4.0,4.0,17.0,experienced1,,,

Level: mod_s432
Timestamp,Type,Player Action,Player X,Player Y,NPC X,NPC Y,Steps Remaining,NPC Path Type,NPC Current Path Index,Interaction Type,Interaction Details
2025-09-29 19:31:21.333Z,LEVEL_START,,,,,,,,,,
2025-09-29 19:31:21.338Z,LEVEL_START,,,,,,,,,,
2025-09-29 19:31:45.572Z,AGENT_OBSERVE,,5.0,9.0,4.0,6.0,,experienced1,,,
2025-09-29 19:31:46.184Z,AGENT_OBSERVE,,5.0,9.0,4.0,5.0,,experienced1,,,
2025-09-29 19:31:46.736Z,AGENT_OBSERVE,,5.0,9.0,3.0,5.0,,experienced1,,,
2025-09-29 19:31:50.168Z,GAME_ACTION,right,5.0,9.0,3.0,5.0,,experienced1,,,
2025-09-29 19:31:50.638Z,GAME_ACTION,right,6.0,9.0,3.0,5.0,,experienced1,,,
2025-09-29 19:31:51.576Z,GAME_ACTION,right,8.0,9.0,3.0,5.0,,experienced1,,,
2025-09-29 19:31:52.104Z,GAME_ACTION,right,9.0,9.0,3.0,5.0,,experienced1,,,
2025-09-29 19:31:52.105Z,INTERACTION,,9.0,9.0,3.0,5.0,,experienced1,,wizard_interaction,redAmulet
2025-09-29 19:31:53.422Z,GAME_ACTION,left,9.0,9.0,3.0,5.0,,experienced1,,,
2025-09-29 19:31:53.850Z,GAME_ACTION,left,8.0,9.0,3.0,5.0,,experienced1,,,
2025-09-29 19:31:54.236Z,GAME_ACTION,left,7.0,9.0,3.0,5.0,,experienced1,,,
2025-09-29 19:31:54.684Z,GAME_ACTION,left,6.0,9.0,3.0,5.0,,experienced1,,,
2025-09-29 19:31:56.804Z,GAME_ACTION,left,5.0,9.0,3.0,5.0,,experienced1,,,
2025-09-29 19:31:57.912Z,GAME_ACTION,up,4.0,9.0,3.0,5.0,,experienced1,,,
2025-09-29 19:31:58.364Z,GAME_ACTION,up,4.0,8.0,3.0,5.0,,experienced1,,,
2025-09-29 19:31:58.854Z,GAME_ACTION,up,4.0,7.0,3.0,5.0,,experienced1,,,
2025-09-29 19:31:59.320Z,GAME_ACTION,up,4.0,6.0,3.0,5.0,,experienced1,,,
2025-09-29 19:32:00.577Z,GAME_ACTION,left,4.0,5.0,3.0,5.0,,experienced1,,,
2025-09-29 19:32:01.004Z,GAME_ACTION,left,3.0,5.0,3.0,5.0,,experienced1,,,
2025-09-29 19:32:01.318Z,GAME_ACTION,left,2.0,5.0,3.0,5.0,,experienced1,,,
2025-09-29 19:32:01.764Z,GAME_ACTION,left,1.0,5.0,3.0,5.0,,experienced1,,,
2025-09-29 19:32:02.904Z,GAME_ACTION,up,0.0,5.0,3.0,5.0,,experienced1,,,
2025-09-29 19:32:03.367Z,GAME_ACTION,up,0.0,4.0,3.0,5.0,,experienced1,,,
2025-09-29 19:32:03.860Z,GAME_ACTION,up,0.0,3.0,3.0,5.0,,experienced1,,,
2025-09-29 19:32:04.367Z,GAME_ACTION,up,0.0,2.0,3.0,5.0,,experienced1,,,
2025-09-29 19:32:04.952Z,GAME_ACTION,up,0.0,1.0,3.0,5.0,,experienced1,,,
2025-09-29 19:32:04.952Z,INTERACTION,,0.0,1.0,3.0,5.0,,experienced1,,wizard_interaction,
2025-09-29 19:32:06.936Z,GAME_ACTION,down,0.0,1.0,3.0,5.0,,experienced1,,,
2025-09-29 19:32:07.496Z,GAME_ACTION,down,0.0,2.0,3.0,5.0,,experienced1,,,
2025-09-29 19:32:08.273Z,GAME_ACTION,right,0.0,3.0,3.0,5.0,,experienced1,,,
2025-09-29 19:32:08.686Z,GAME_ACTION,right,1.0,3.0,3.0,5.0,,experienced1,,,
2025-09-29 19:32:08.886Z,GAME_ACTION,right,2.0,3.0,3.0,5.0,,experienced1,,,
2025-09-29 19:32:09.057Z,GAME_ACTION,right,3.0,3.0,3.0,5.0,,experienced1,,,
2025-09-29 19:32:09.243Z,GAME_ACTION,right,4.0,3.0,3.0,5.0,,experienced1,,,
2025-09-29 19:32:10.148Z,GAME_ACTION,up,5.0,3.0,3.0,5.0,,experienced1,,,
2025-09-29 19:32:10.314Z,GAME_ACTION,up,5.0,2.0,3.0,5.0,,experienced1,,,
2025-09-29 19:32:10.511Z,GAME_ACTION,up,5.0,1.0,3.0,5.0,,experienced1,,,
2025-09-29 19:32:10.511Z,INTERACTION,,5.0,1.0,3.0,5.0,,experienced1,,wizard_interaction,blueAmulet
2025-09-29 19:32:11.962Z,GAME_ACTION,down,5.0,1.0,3.0,5.0,,experienced1,,,
2025-09-29 19:32:12.128Z,GAME_ACTION,down,5.0,2.0,3.0,5.0,,experienced1,,,
2025-09-29 19:32:13.274Z,GAME_ACTION,left,5.0,3.0,3.0,5.0,,experienced1,,,
2025-09-29 19:32:13.447Z,GAME_ACTION,left,4.0,3.0,3.0,5.0,,experienced1,,,
2025-09-29 19:32:13.622Z,GAME_ACTION,left,3.0,3.0,3.0,5.0,,experienced1,,,
2025-09-29 19:32:13.807Z,GAME_ACTION,left,2.0,3.0,3.0,5.0,,experienced1,,,
2025-09-29 19:32:13.975Z,GAME_ACTION,left,1.0,3.0,3.0,5.0,,experienced1,,,
2025-09-29 19:32:15.210Z,GAME_ACTION,down,0.0,3.0,3.0,5.0,,experienced1,,,
2025-09-29 19:32:15.404Z,GAME_ACTION,down,0.0,4.0,3.0,5.0,,experienced1,,,
2025-09-29 19:32:16.572Z,GAME_ACTION,right,0.0,5.0,3.0,5.0,,experienced1,,,
2025-09-29 19:32:16.757Z,GAME_ACTION,right,1.0,5.0,3.0,5.0,,experienced1,,,
2025-09-29 19:32:17.010Z,GAME_ACTION,right,2.0,5.0,3.0,5.0,,experienced1,,,
2025-09-29 19:32:17.385Z,GAME_ACTION,right,3.0,5.0,3.0,5.0,,experienced1,,,
2025-09-29 19:32:18.200Z,GAME_ACTION,down,4.0,5.0,3.0,5.0,,experienced1,,,
2025-09-29 19:32:18.374Z,GAME_ACTION,down,4.0,6.0,3.0,5.0,,experienced1,,,
2025-09-29 19:32:18.558Z,GAME_ACTION,down,4.0,7.0,3.0,5.0,,experienced1,,,
2025-09-29 19:32:18.728Z,GAME_ACTION,down,4.0,8.0,3.0,5.0,,experienced1,,,
2025-09-29 19:32:20.162Z,GAME_ACTION,left,4.0,9.0,3.0,5.0,,experienced1,,,
2025-09-29 19:32:20.355Z,GAME_ACTION,left,3.0,9.0,3.0,5.0,,experienced1,,,
2025-09-29 19:32:20.546Z,GAME_ACTION,left,2.0,9.0,3.0,5.0,,experienced1,,,
2025-09-29 19:32:20.727Z,GAME_ACTION,left,1.0,9.0,3.0,5.0,,experienced1,,,
2025-09-29 19:32:21.968Z,GAME_ACTION,down,0.0,9.0,3.0,5.0,,experienced1,,,
2025-09-29 19:32:22.330Z,GAME_ACTION,down,0.0,10.0,3.0,5.0,,experienced1,,,
2025-09-29 19:32:22.330Z,INTERACTION,,0.0,10.0,3.0,5.0,,experienced1,,treasure_interaction,A
2025-09-29 19:32:22.330Z,LEVEL_COMPLETE,,0.0,10.0,3.0,5.0,,experienced1,,,
2025-09-29 19:32:25.331Z,LEVEL_COMPLETE,,0.0,10.0,3.0,5.0,13.0,experienced1,,,

Level: mod_s442
Timestamp,Type,Player Action,Player X,Player Y,NPC X,NPC Y,Steps Remaining,NPC Path Type,NPC Current Path Index,Interaction Type,Interaction Details
2025-09-29 19:26:21.182Z,LEVEL_START,,,,,,,,,,
2025-09-29 19:26:21.182Z,LEVEL_START,,,,,,,,,,
2025-09-29 19:26:45.277Z,AGENT_OBSERVE,,5.0,7.0,5.0,4.0,,experienced1,,,
2025-09-29 19:26:50.012Z,AGENT_OBSERVE,,5.0,7.0,5.0,5.0,,experienced1,,,
2025-09-29 19:26:50.534Z,AGENT_OBSERVE,,5.0,7.0,5.0,6.0,,experienced1,,,
2025-09-29 19:26:50.997Z,AGENT_OBSERVE,,5.0,7.0,5.0,7.0,,experienced1,,,
2025-09-29 19:26:51.455Z,AGENT_OBSERVE,,5.0,7.0,5.0,8.0,,experienced1,,,
2025-09-29 19:26:51.920Z,AGENT_OBSERVE,,5.0,7.0,5.0,9.0,,experienced1,,,
2025-09-29 19:26:52.516Z,AGENT_OBSERVE,,5.0,7.0,6.0,9.0,,experienced1,,,
2025-09-29 19:26:54.876Z,GAME_ACTION,down,5.0,7.0,6.0,9.0,,experienced1,,,
2025-09-29 19:26:55.468Z,GAME_ACTION,down,5.0,8.0,6.0,9.0,,experienced1,,,
2025-09-29 19:26:57.134Z,GAME_ACTION,right,5.0,9.0,6.0,9.0,,experienced1,,,
2025-09-29 19:26:57.629Z,GAME_ACTION,right,6.0,9.0,6.0,9.0,,experienced1,,,
2025-09-29 19:26:58.833Z,GAME_ACTION,right,7.0,9.0,6.0,9.0,,experienced1,,,
2025-09-29 19:26:59.596Z,GAME_ACTION,down,8.0,9.0,6.0,9.0,,experienced1,,,
2025-09-29 19:27:00.191Z,GAME_ACTION,down,8.0,10.0,6.0,9.0,,experienced1,,,
2025-09-29 19:27:00.193Z,INTERACTION,,8.0,10.0,6.0,9.0,,experienced1,,wizard_interaction,blueAmulet
2025-09-29 19:27:02.518Z,GAME_ACTION,up,8.0,10.0,6.0,9.0,,experienced1,,,
2025-09-29 19:27:04.686Z,GAME_ACTION,up,8.0,9.0,6.0,9.0,,experienced1,,,
2025-09-29 19:27:05.125Z,GAME_ACTION,up,8.0,8.0,6.0,9.0,,experienced1,,,
2025-09-29 19:27:05.456Z,GAME_ACTION,up,8.0,7.0,6.0,9.0,,experienced1,,,
2025-09-29 19:27:05.823Z,GAME_ACTION,up,8.0,6.0,6.0,9.0,,experienced1,,,
2025-09-29 19:27:06.226Z,GAME_ACTION,up,8.0,5.0,6.0,9.0,,experienced1,,,
2025-09-29 19:27:06.616Z,GAME_ACTION,up,8.0,4.0,6.0,9.0,,experienced1,,,
2025-09-29 19:27:07.549Z,GAME_ACTION,left,8.0,3.0,6.0,9.0,,experienced1,,,
2025-09-29 19:27:07.772Z,GAME_ACTION,left,7.0,3.0,6.0,9.0,,experienced1,,,
2025-09-29 19:27:07.969Z,GAME_ACTION,left,6.0,3.0,6.0,9.0,,experienced1,,,
2025-09-29 19:27:08.159Z,GAME_ACTION,left,5.0,3.0,6.0,9.0,,experienced1,,,
2025-09-29 19:27:08.351Z,GAME_ACTION,left,4.0,3.0,6.0,9.0,,experienced1,,,
2025-09-29 19:27:08.718Z,GAME_ACTION,left,3.0,3.0,6.0,9.0,,experienced1,,,
2025-09-29 19:27:09.110Z,GAME_ACTION,left,2.0,3.0,6.0,9.0,,experienced1,,,
2025-09-29 19:27:09.631Z,GAME_ACTION,left,1.0,3.0,6.0,9.0,,experienced1,,,
2025-09-29 19:27:10.502Z,GAME_ACTION,up,0.0,3.0,6.0,9.0,,experienced1,,,
2025-09-29 19:27:10.913Z,GAME_ACTION,up,0.0,2.0,6.0,9.0,,experienced1,,,
2025-09-29 19:27:11.287Z,GAME_ACTION,up,0.0,1.0,6.0,9.0,,experienced1,,,
2025-09-29 19:27:11.287Z,INTERACTION,,0.0,1.0,6.0,9.0,,experienced1,,treasure_interaction,A
2025-09-29 19:27:11.287Z,LEVEL_COMPLETE,,0.0,1.0,6.0,9.0,,experienced1,,,
2025-09-29 19:27:14.288Z,LEVEL_COMPLETE,,0.0,1.0,6.0,9.0,35.0,experienced1,,,

Level: mod_s531
Timestamp,Type,Player Action,Player X,Player Y,NPC X,NPC Y,Steps Remaining,NPC Path Type,NPC Current Path Index,Interaction Type,Interaction Details
2025-09-29 19:28:06.506Z,LEVEL_START,,,,,,,,,,
2025-09-29 19:28:06.514Z,LEVEL_START,,,,,,,,,,
2025-09-29 19:28:29.648Z,AGENT_OBSERVE,,5.0,7.0,5.0,4.0,,experienced1,,,
2025-09-29 19:28:30.518Z,AGENT_OBSERVE,,5.0,7.0,5.0,3.0,,experienced1,,,
2025-09-29 19:28:31.042Z,AGENT_OBSERVE,,5.0,7.0,6.0,3.0,,experienced1,,,
2025-09-29 19:28:31.680Z,AGENT_OBSERVE,,5.0,7.0,7.0,3.0,,experienced1,,,
2025-09-29 19:28:32.172Z,AGENT_OBSERVE,,5.0,7.0,7.0,2.0,,experienced1,,,
2025-09-29 19:28:32.946Z,AGENT_OBSERVE,,5.0,7.0,7.0,1.0,,experienced1,,,
2025-09-29 19:28:33.350Z,AGENT_OBSERVE,,5.0,7.0,7.0,0.0,,experienced1,,,
2025-09-29 19:28:34.434Z,AGENT_OBSERVE,,5.0,7.0,8.0,0.0,,experienced1,,,
2025-09-29 19:28:37.269Z,GAME_ACTION,up,5.0,4.0,8.0,0.0,,experienced1,,,
2025-09-29 19:28:39.016Z,GAME_ACTION,right,5.0,3.0,8.0,0.0,,experienced1,,,
2025-09-29 19:28:39.225Z,GAME_ACTION,right,6.0,3.0,8.0,0.0,,experienced1,,,
2025-09-29 19:28:40.218Z,GAME_ACTION,up,7.0,3.0,8.0,0.0,,experienced1,,,
2025-09-29 19:28:40.578Z,GAME_ACTION,up,7.0,2.0,8.0,0.0,,experienced1,,,
2025-09-29 19:28:41.035Z,GAME_ACTION,up,7.0,1.0,8.0,0.0,,experienced1,,,
2025-09-29 19:28:42.105Z,GAME_ACTION,right,7.0,0.0,8.0,0.0,,experienced1,,,
2025-09-29 19:28:42.492Z,GAME_ACTION,right,8.0,0.0,8.0,0.0,,experienced1,,,
2025-09-29 19:28:42.988Z,GAME_ACTION,right,9.0,0.0,8.0,0.0,,experienced1,,,
2025-09-29 19:28:42.988Z,INTERACTION,,9.0,0.0,8.0,0.0,,experienced1,,wizard_interaction,blueAmulet
2025-09-29 19:28:45.427Z,GAME_ACTION,left,9.0,0.0,8.0,0.0,,experienced1,,,
2025-09-29 19:28:45.864Z,GAME_ACTION,left,8.0,0.0,8.0,0.0,,experienced1,,,
2025-09-29 19:28:47.442Z,GAME_ACTION,down,7.0,0.0,8.0,0.0,,experienced1,,,
2025-09-29 19:28:47.817Z,GAME_ACTION,down,7.0,1.0,8.0,0.0,,experienced1,,,
2025-09-29 19:28:49.336Z,GAME_ACTION,down,7.0,2.0,8.0,0.0,,experienced1,,,
2025-09-29 19:28:50.781Z,GAME_ACTION,left,7.0,3.0,8.0,0.0,,experienced1,,,
2025-09-29 19:28:51.418Z,GAME_ACTION,left,6.0,3.0,8.0,0.0,,experienced1,,,
2025-09-29 19:28:53.088Z,GAME_ACTION,down,5.0,3.0,8.0,0.0,,experienced1,,,
2025-09-29 19:28:53.503Z,GAME_ACTION,down,5.0,4.0,8.0,0.0,,experienced1,,,
2025-09-29 19:28:53.701Z,GAME_ACTION,down,5.0,5.0,8.0,0.0,,experienced1,,,
2025-09-29 19:28:53.931Z,GAME_ACTION,down,5.0,6.0,8.0,0.0,,experienced1,,,
2025-09-29 19:28:54.410Z,GAME_ACTION,down,5.0,7.0,8.0,0.0,,experienced1,,,
2025-09-29 19:28:55.167Z,GAME_ACTION,down,5.0,8.0,8.0,0.0,,experienced1,,,
2025-09-29 19:28:56.232Z,GAME_ACTION,right,5.0,9.0,8.0,0.0,,experienced1,,,
2025-09-29 19:28:56.468Z,GAME_ACTION,right,6.0,9.0,8.0,0.0,,experienced1,,,
2025-09-29 19:28:56.700Z,GAME_ACTION,right,7.0,9.0,8.0,0.0,,experienced1,,,
2025-09-29 19:28:56.925Z,GAME_ACTION,right,8.0,9.0,8.0,0.0,,experienced1,,,
2025-09-29 19:28:57.123Z,GAME_ACTION,right,9.0,9.0,8.0,0.0,,experienced1,,,
2025-09-29 19:28:57.123Z,INTERACTION,,9.0,9.0,8.0,0.0,,experienced1,,treasure_interaction,A
2025-09-29 19:28:57.124Z,LEVEL_COMPLETE,,9.0,9.0,8.0,0.0,,experienced1,,,
2025-09-29 19:29:00.124Z,LEVEL_COMPLETE,,9.0,9.0,8.0,0.0,19.0,experienced1,,,

Level: mod_s543
Timestamp,Type,Player Action,Player X,Player Y,NPC X,NPC Y,Steps Remaining,NPC Path Type,NPC Current Path Index,Interaction Type,Interaction Details
2025-09-29 19:29:00.283Z,LEVEL_START,,,,,,,,,,
2025-09-29 19:29:00.293Z,LEVEL_START,,,,,,,,,,
2025-09-29 19:29:23.813Z,AGENT_OBSERVE,,3.0,2.0,1.0,9.0,,experienced1,,,
2025-09-29 19:29:26.727Z,GAME_ACTION,up,3.0,2.0,1.0,9.0,,experienced1,,,
2025-09-29 19:29:27.025Z,GAME_ACTION,up,3.0,1.0,1.0,9.0,,experienced1,,,
2025-09-29 19:29:27.025Z,INTERACTION,,3.0,1.0,1.0,9.0,,experienced1,,wizard_interaction,blueAmulet
2025-09-29 19:29:28.862Z,GAME_ACTION,down,3.0,1.0,1.0,9.0,,experienced1,,,
2025-09-29 19:29:30.030Z,GAME_ACTION,right,3.0,2.0,1.0,9.0,,experienced1,,,
2025-09-29 19:29:30.618Z,GAME_ACTION,right,4.0,2.0,1.0,9.0,,experienced1,,,
2025-09-29 19:29:31.360Z,GAME_ACTION,down,5.0,2.0,1.0,9.0,,experienced1,,,
2025-09-29 19:29:31.812Z,GAME_ACTION,down,5.0,3.0,1.0,9.0,,experienced1,,,
2025-09-29 19:29:32.372Z,GAME_ACTION,down,5.0,4.0,1.0,9.0,,experienced1,,,
2025-09-29 19:29:33.529Z,GAME_ACTION,left,5.0,5.0,1.0,9.0,,experienced1,,,
2025-09-29 19:29:33.900Z,GAME_ACTION,left,4.0,5.0,1.0,9.0,,experienced1,,,
2025-09-29 19:29:34.078Z,GAME_ACTION,left,3.0,5.0,1.0,9.0,,experienced1,,,
2025-09-29 19:29:34.298Z,GAME_ACTION,left,2.0,5.0,1.0,9.0,,experienced1,,,
2025-09-29 19:29:34.620Z,GAME_ACTION,left,1.0,5.0,1.0,9.0,,experienced1,,,
2025-09-29 19:29:34.620Z,INTERACTION,,1.0,5.0,1.0,9.0,,experienced1,,treasure_interaction,A
2025-09-29 19:29:34.620Z,LEVEL_COMPLETE,,1.0,5.0,1.0,9.0,,experienced1,,,
2025-09-29 19:29:37.621Z,LEVEL_COMPLETE,,1.0,5.0,1.0,9.0,77.0,experienced1,,,

Level: s211
Timestamp,Type,Player Action,Player X,Player Y,NPC X,NPC Y,Steps Remaining,NPC Path Type,NPC Current Path Index,Interaction Type,Interaction Details
2025-09-29 19:21:20.589Z,LEVEL_START,,,,,,,,,,

